<?xml version="1.0" encoding="UTF-8"?>
<!DOCTYPE mapper PUBLIC "-//mybatis.org//DTD Mapper 3.0//EN" "http://mybatis.org/dtd/mybatis-3-mapper.dtd">
<mapper namespace="com.finalpjt.happyhouse.model.mapper.CommentMapper">

	<select id="list" resultType="com.finalpjt.happyhouse.model.dto.CommentDto">
		SELECT *
		FROM COMMENT_TB
		WHERE BNUM=#{bnum}
		ORDER BY CNUM DESC LIMIT #{startRow},#{count}
	</select>

	<select id="selectCount" resultType="int">
		SELECT COUNT(*)
		FROM COMMENT_TB
		WHERE BNUM=#{bnum}
	</select>

	<insert id="write" parameterType="com.finalpjt.happyhouse.model.dto.CommentDto">
		INSERT INTO COMMENT_TB (BNUM,CWRITER, CCONTENT)
		VALUES(#{bnum}, #{cwriter}, #{ccontent})
	</insert>

	<update id="update" parameterType="com.finalpjt.happyhouse.model.dto.CommentDto">
		UPDATE COMMENT_TB
		SET CCONTENT=#{ccontent}
		WHERE CNUM=#{cnum}
	</update>

	<delete id="delete">
		DELETE
		FROM COMMENT_TB
		WHERE CNUM=#{cnum}
	</delete>

</mapper>